Date,Max,Min
12/1/14,62,51
12/2/14,57,50
12/3/14,64,56
12/4/14,69,55
12/5/14,67,55
12/6/14,67,54
12/7/14,60,50
12/8/14,64,50
12/9/14,58,51
12/10/14,57,51
12/11/14,61,49
12/12/14,55,45
12/13/14,54,45
12/14/14,52,44
12/15/14,55,47
12/16/14,61,48
12/17/14,57,47
12/18/14,61,49
12/19/14,54,50
12/20/14,57,52
12/21/14,65,55
12/22/14,59,49
12/23/14,65,47
12/24/14,59,45
12/25/14,56,41
12/26/14,55,39
12/27/14,55,35
12/28/14,54,37
12/29/14,47,38
12/30/14,54,37
12/31/14,54,35
1/1/15,52,29
1/2/15,49,30
1/3/15,52,30
1/4/15,55,35
1/5/15,55,35
1/6/15,60,37
1/7/15,63,37
1/8/15,60,40
1/9/15,54,40
1/10/15,62,45
1/11/15,62,44
1/12/15,62,43
1/13/15,60,37
1/14/15,53,36
1/15/15,54,38
1/16/15,52,44
1/17/15,53,46
1/18/15,52,47
1/19/15,57,48
1/20/15,55,43
1/21/15,57,39
1/22/15,52,42
1/23/15,56,40
1/24/15,55,43
1/25/15,56,41
1/26/15,62,38
1/27/15,62,47
1/28/15,66,45
1/29/15,66,43
1/30/15,67,42
1/31/15,72,44
2/1/15,65,41
2/2/15,64,44
2/3/15,69,46
2/4/15,65,44
2/5/15,58,50
2/6/15,62,53
2/7/15,66,56
2/8/15,62,58
2/9/15,67,50
2/10/15,60,44
2/11/15,64,41
2/12/15,69,46
2/13/15,70,45
2/14/15,70,47
2/15/15,69,46
2/16/15,71,47
2/17/15,66,49
2/18/15,59,45
2/19/15,58,48
2/20/15,67,50
2/21/15,60,47
2/22/15,66,44
2/23/15,63,44
2/24/15,61,42
2/25/15,66,41
2/26/15,72,43
2/27/15,70,46
2/28/15,59,47
3/1/15,66,41
3/2/15,62,45
3/3/15,62,43
3/4/15,66,41
3/5/15,70,42
3/6/15,74,43
3/7/15,75,45
3/8/15,75,46
3/9/15,77,47
3/10/15,73,51
3/11/15,66,54
3/12/15,65,45
3/13/15,78,53
3/14/15,81,58
3/15/15,76,56
3/16/15,67,54
3/17/15,73,53
3/18/15,76,49
3/19/15,80,48
3/20/15,73,53
3/21/15,75,52
3/22/15,71,54
3/23/15,68,51
3/24/15,69,52
3/25/15,78,50
3/26/15,82,52
3/27/15,84,54
3/28/15,82,50
3/29/15,83,48
3/30/15,82,51
3/31/15,72,50
4/1/15,69,44
4/2/15,70,49
4/3/15,77,43
4/4/15,72,45
4/5/15,61,44
4/6/15,64,41
4/7/15,59,45
4/8/15,60,41
4/9/15,68,42
4/10/15,74,46
4/11/15,74,49
4/12/15,80,51
4/13/15,74,52
4/14/15,66,46
4/15/15,74,50
4/16/15,81,50
4/17/15,84,49
4/18/15,85,52
4/19/15,86,53
4/20/15,79,52
4/21/15,68,51
4/22/15,77,50
4/23/15,78,51
4/24/15,73,51
4/25/15,70,51
4/26/15,77,48
4/27/15,88,55
4/28/15,83,55
4/29/15,86,53
4/30/15,89,56
5/1/15,93,59
5/2/15,85,54
5/3/15,76,51
5/4/15,75,49
5/5/15,77,51
5/6/15,80,50
5/7/15,71,52
5/8/15,75,47
5/9/15,79,50
5/10/15,78,51
5/11/15,73,53
5/12/15,72,49
5/13/15,69,51
5/14/15,71,51
5/15/15,72,50
5/16/15,76,52
5/17/15,72,53
5/18/15,73,52
5/19/15,76,52
5/20/15,74,52
5/21/15,74,52
5/22/15,76,54
5/23/15,77,55
5/24/15,80,54
5/25/15,77,52
5/26/15,78,51
5/27/15,81,52
5/28/15,87,53
5/29/15,88,53
5/30/15,89,54
5/31/15,84,55
6/1/15,80,54
6/2/15,85,56
6/3/15,83,57
6/4/15,86,55
6/5/15,92,58
6/6/15,90,58
6/7/15,96,59
6/8/15,102,68
6/9/15,93,70
6/10/15,72,66
6/11/15,97,63
6/12/15,103,63
6/13/15,94,59
6/14/15,87,55
6/15/15,86,53
6/16/15,95,55
6/17/15,97,57
6/18/15,91,57
6/19/15,94,57
6/20/15,97,61
6/21/15,87,55
6/22/15,90,56
6/23/15,95,57
6/24/15,96,58
6/25/15,102,65
6/26/15,103,69
6/27/15,90,61
6/28/15,94,65
6/29/15,99,58
6/30/15,105,66
7/1/15,99,70
7/2/15,94,70
7/3/15,97,64
7/4/15,99,63
7/5/15,91,61
7/6/15,93,59
7/7/15,89,61
7/8/15,83,58
7/9/15,75,58
7/10/15,79,60
7/11/15,87,59
7/12/15,87,62
7/13/15,91,61
7/14/15,89,61
7/15/15,95,58
7/16/15,96,61
7/17/15,97,60
7/18/15,93,61
7/19/15,95,66
7/20/15,99,70
7/21/15,92,63
7/22/15,86,60
7/23/15,85,58
7/24/15,90,58
7/25/15,90,59
7/26/15,91,59
7/27/15,93,59
7/28/15,100,62
7/29/15,105,67
7/30/15,100,65
7/31/15,92,63
8/1/15,93,62
8/2/15,92,62
8/3/15,90,60
8/4/15,80,59
8/5/15,90,59
8/6/15,89,63
8/7/15,90,64
8/8/15,86,59
8/9/15,95,60
8/10/15,90,61
8/11/15,90,60
8/12/15,91,60
8/13/15,91,62
8/14/15,89,59
8/15/15,97,61
8/16/15,102,63
8/17/15,103,66
8/18/15,95,60
8/19/15,90,58
8/20/15,87,58
8/21/15,87,58
8/22/15,90,57
8/23/15,89,58
8/24/15,93,59
8/25/15,95,59
8/26/15,98,61
8/27/15,100,66
8/28/15,101,69
8/29/15,85,63
8/30/15,86,59
8/31/15,92,59
9/1/15,91,62
9/2/15,84,60
9/3/15,91,60
9/4/15,83,57
9/5/15,82,53
9/6/15,89,52
9/7/15,93,54
9/8/15,99,57
9/9/15,85,56
9/10/15,105,66
9/11/15,99,68
9/12/15,87,64
9/13/15,91,68
9/14/15,74,62
9/15/15,78,58
9/16/15,73,54
9/17/15,77,54
9/18/15,85,53
9/19/15,90,55
9/20/15,94,56
9/21/15,99,58
9/22/15,82,58
9/23/15,86,53
9/24/15,92,62
9/25/15,96,61
9/26/15,94,61
9/27/15,90,59
9/28/15,90,59
9/29/15,79,57
9/30/15,66,57
10/1/15,77,60
10/2/15,87,55
10/3/15,86,55
10/4/15,78,55
10/5/15,81,57
10/6/15,80,59
10/7/15,84,58
10/8/15,87,61
10/9/15,90,59
10/10/15,88,59
10/11/15,86,55
10/12/15,91,57
10/13/15,80,51
10/14/15,90,60
10/15/15,88,65
10/16/15,87,63
10/17/15,78,49
10/18/15,74,55
10/19/15,74,54
10/20/15,83,55
10/21/15,82,52
10/22/15,80,56
10/23/15,79,52
10/24/15,75,50
10/25/15,81,59
10/26/15,77,52
10/27/15,71,55
10/28/15,74,56
10/29/15,77,50
10/30/15,82,53
10/31/15,83,55
11/1/15,67,56
11/2/15,61,51
11/3/15,64,46
11/4/15,63,44
11/5/15,64,39
11/6/15,65,40
11/7/15,65,41
11/8/15,57,47
11/9/15,53,46
11/10/15,57,43
11/11/15,57,39
11/12/15,60,37
11/13/15,63,40
11/14/15,64,41
11/15/15,61,46
11/16/15,58,41
11/17/15,59,40
11/18/15,62,39
11/19/15,64,43
11/20/15,69,45
11/21/15,67,45
11/22/15,67,43
11/23/15,67,44
11/24/15,58,42
11/25/15,52,36
11/26/15,54,33
11/27/15,56,38
11/28/15,54,30
11/29/15,54,29
11/30/15,49,30
12/1/15,57,33
12/2/15,57,43
12/3/15,53,41
12/4/15,61,42
12/5/15,54,39
12/6/15,62,48
12/7/15,63,50
12/8/15,54,47
12/9/15,61,50
12/10/15,63,49
12/11/15,58,42
12/12/15,55,36
12/13/15,56,38
12/14/15,53,35
12/15/15,54,37
12/16/15,52,32
12/17/15,56,39
12/18/15,57,38
12/19/15,57,39
12/20/15,53,36
12/21/15,51,46
12/22/15,63,48
12/23/15,52,36
12/24/15,51,36
12/25/15,50,35
12/26/15,52,37
12/27/15,53,37
12/28/15,52,38
12/29/15,54,38
12/30/15,47,34
12/31/15,50,28
1/1/16,46,33
1/2/16,48,34
1/3/16,55,36
1/4/16,54,40
1/5/16,54,47
1/6/16,52,45
1/7/16,50,39
1/8/16,52,36
1/9/16,53,44
1/10/16,56,44
1/11/16,57,44
1/12/16,58,40
1/13/16,60,43
1/14/16,53,40
1/15/16,52,43
1/16/16,59,47
1/17/16,57,49
1/18/16,63,52
1/19/16,61,52
1/20/16,58,47
1/21/16,63,48
1/22/16,58,51
1/23/16,59,46
1/24/16,56,41
1/25/16,58,45
1/26/16,59,40
1/27/16,62,44
1/28/16,57,42
1/29/16,60,51
1/30/16,60,47
1/31/16,54,44
2/1/16,54,39
2/2/16,49,39
2/3/16,53,36
2/4/16,57,41
2/5/16,59,38
2/6/16,62,38
2/7/16,70,40
2/8/16,69,42
2/9/16,69,45
2/10/16,67,45
2/11/16,69,48
2/12/16,68,45
2/13/16,71,46
2/14/16,75,50
2/15/16,75,48
2/16/16,72,49
2/17/16,69,48
2/18/16,61,47
2/19/16,63,45
2/20/16,59,42
2/21/16,63,39
2/22/16,68,43
2/23/16,68,41
2/24/16,69,44
2/25/16,71,48
2/26/16,72,48
2/27/16,64,47
2/28/16,67,46
2/29/16,72,46
3/1/16,74,50
3/2/16,74,50
3/3/16,67,55
3/4/16,69,56
3/5/16,64,54
3/6/16,62,48
3/7/16,54,45
3/8/16,58,38
3/9/16,65,47
3/10/16,63,53
3/11/16,57,49
3/12/16,60,48
3/13/16,56,50
3/14/16,62,48
3/15/16,65,44
3/16/16,68,46
3/17/16,72,48
3/18/16,72,50
3/19/16,74,50
3/20/16,69,52
3/21/16,65,50
3/22/16,62,43
3/23/16,67,44
3/24/16,70,46
3/25/16,73,48
3/26/16,75,51
3/27/16,71,52
3/28/16,61,44
3/29/16,66,44
3/30/16,70,45
3/31/16,74,49
4/1/16,73,49
4/2/16,77,48
4/3/16,78,50
4/4/16,76,51
4/5/16,81,51
4/6/16,87,54
4/7/16,78,57
4/8/16,76,55
4/9/16,60,56
4/10/16,65,54
4/11/16,71,51
4/12/16,69,53
4/13/16,72,49
4/14/16,68,50
4/15/16,73,45
4/16/16,83,49
4/17/16,86,50
4/18/16,88,56
4/19/16,88,55
4/20/16,81,55
4/21/16,75,55
4/22/16,64,50
4/23/16,71,46
4/24/16,73,52
4/25/16,70,49
4/26/16,74,47
4/27/16,69,49
4/28/16,79,48
4/29/16,79,53
4/30/16,81,56
5/1/16,86,55
5/2/16,85,58
5/3/16,83,54
5/4/16,80,58
5/5/16,65,55
5/6/16,66,55
5/7/16,64,55
5/8/16,75,55
5/9/16,76,53
5/10/16,86,52
5/11/16,90,54
5/12/16,91,53
5/13/16,80,53
5/14/16,79,52
5/15/16,83,54
5/16/16,84,55
5/17/16,90,61
5/18/16,96,64
5/19/16,81,56
5/20/16,70,50
5/21/16,69,49
5/22/16,72,49
5/23/16,77,52
5/24/16,76,53
5/25/16,80,53
5/26/16,85,54
5/27/16,87,55
5/28/16,89,62
5/29/16,92,60
5/30/16,96,57
5/31/16,101,61
6/1/16,97,62
6/2/16,96,57
6/3/16,100,63
6/4/16,90,68
6/5/16,99,62
6/6/16,93,59
6/7/16,89,57
6/8/16,86,56
6/9/16,83,56
6/10/16,85,56
6/11/16,86,55
6/12/16,90,59
6/13/16,82,55
6/14/16,79,55
6/15/16,70,52
6/16/16,78,52
6/17/16,80,57
6/18/16,78,60
6/19/16,92,57
6/20/16,96,59
6/21/16,99,61
6/22/16,94,59
6/23/16,94,58
6/24/16,89,58
6/25/16,99,62
6/26/16,101,65
6/27/16,103,65
6/28/16,104,67
6/29/16,97,61
6/30/16,89,57
7/1/16,96,63
7/2/16,91,62
7/3/16,93,61
7/4/16,89,57
7/5/16,85,55
7/6/16,87,55
7/7/16,86,56
7/8/16,90,56
7/9/16,85,59
7/10/16,84,55
7/11/16,91,61
7/12/16,92,59
7/13/16,97,60
7/14/16,101,66
7/15/16,97,59
7/16/16,91,57
7/17/16,85,56
7/18/16,84,56
7/19/16,89,56
7/20/16,93,58
7/21/16,92,57
7/22/16,94,58
7/23/16,101,61
7/24/16,104,66
7/25/16,100,62
7/26/16,104,62
7/27/16,93,58
7/28/16,102,71
7/29/16,102,63
7/30/16,92,58
7/31/16,94,62
8/1/16,94,58
8/2/16,96,57
8/3/16,99,61
8/4/16,85,55
8/5/16,85,54
8/6/16,88,55
8/7/16,92,60
8/8/16,93,58
8/9/16,94,58
8/10/16,94,61
8/11/16,95,57
8/12/16,97,60
8/13/16,101,62
8/14/16,102,66
8/15/16,94,56
8/16/16,98,57
8/17/16,97,60
8/18/16,96,61
8/19/16,92,61
8/20/16,94,60
8/21/16,91,57
8/22/16,90,57
8/23/16,88,56
8/24/16,90,54
8/25/16,91,55
8/26/16,85,55
8/27/16,85,56
8/28/16,89,55
8/29/16,88,56
8/30/16,92,60
8/31/16,90,60
9/1/16,88,59
9/2/16,88,58
9/3/16,84,59
9/4/16,78,55
9/5/16,87,55
9/6/16,89,56
9/7/16,94,59
9/8/16,91,61
9/9/16,94,56
9/10/16,87,55
9/11/16,88,56
9/12/16,88,56
9/13/16,87,56
9/14/16,80,60
9/15/16,88,55
9/16/16,90,54
9/17/16,93,57
9/18/16,86,56
9/19/16,99,62
9/20/16,91,64
9/21/16,83,55
9/22/16,74,50
9/23/16,80,48
9/24/16,85,55
9/25/16,93,56
9/26/16,95,60
9/27/16,97,59
9/28/16,93,61
9/29/16,85,55
9/30/16,76,52
10/1/16,75,48
10/2/16,70,50
10/3/16,64,47
10/4/16,70,49
10/5/16,74,47
10/6/16,77,50
10/7/16,82,53
10/8/16,86,52
10/9/16,88,52
10/10/16,86,55
10/11/16,78,53
10/12/16,76,51
10/13/16,75,56
10/14/16,66,58
10/15/16,74,55
10/16/16,63,58
10/17/16,71,52
10/18/16,70,48
10/19/16,74,48
10/20/16,77,49
10/21/16,81,50
10/22/16,76,53
10/23/16,75,50
10/24/16,69,58
10/25/16,68,58
10/26/16,78,54
10/27/16,66,58
10/28/16,66,58
10/29/16,72,57
10/30/16,65,53
10/31/16,65,50
11/1/16,64,52
11/2/16,65,45
11/3/16,69,46
11/4/16,72,48
11/5/16,72,46
11/6/16,70,56
11/7/16,71,52
11/8/16,73,52
11/9/16,74,50
11/10/16,74,51
11/11/16,74,50
11/12/16,75,53
11/13/16,71,51
11/14/16,73,48
11/15/16,69,52
11/16/16,60,44
11/17/16,61,40
11/18/16,66,39
11/19/16,56,48
11/20/16,60,52
11/21/16,62,46
11/22/16,55,42
11/23/16,61,41
11/24/16,55,38
11/25/16,53,41
11/26/16,52,41
11/27/16,58,41
11/28/16,52,46
11/29/16,56,40
11/30/16,54,39
12/1/16,57,38
12/2/16,58,42
12/3/16,57,37
12/4/16,56,37
12/5/16,52,36
12/6/16,55,35
12/7/16,45,34
12/8/16,46,38
12/9/16,61,43
12/10/16,60,49
12/11/16,50,43
12/12/16,54,39
12/13/16,56,44
12/14/16,63,47
12/15/16,59,51
12/16/16,53,40
12/17/16,54,38
12/18/16,53,37
12/19/16,52,38
12/20/16,51,38
12/21/16,51,37
12/22/16,58,34
12/23/16,51,37
12/24/16,48,33
12/25/16,44,30
12/26/16,48,30
12/27/16,51,32
12/28/16,55,32
12/29/16,55,33
12/30/16,57,33
12/31/16,53,42
1/1/17,51,42
1/2/17,49,41
1/3/17,51,44
1/4/17,54,46
1/5/17,47,35
1/6/17,46,31
1/7/17,58,37
1/8/17,62,57
1/9/17,58,50
1/10/17,54,51
1/11/17,56,44
1/12/17,48,41
1/13/17,56,39
1/14/17,48,38
1/15/17,49,38
1/16/17,52,36
1/17/17,43,34
1/18/17,49,42
1/19/17,57,46
1/20/17,54,46
1/21/17,54,44
1/22/17,58,43
1/23/17,54,42
1/24/17,52,39
1/25/17,54,35
1/26/17,54,40
1/27/17,56,36
1/28/17,56,37
1/29/17,57,37
1/30/17,57,37
1/31/17,55,36
2/1/17,52,42
2/2/17,64,46
2/3/17,62,54
2/4/17,62,52
2/5/17,62,47
2/6/17,57,52
2/7/17,63,52
2/8/17,63,56
2/9/17,61,55
2/10/17,64,51
2/11/17,61,48
2/12/17,61,42
2/13/17,59,42
2/14/17,64,44
2/15/17,63,48
2/16/17,65,52
2/17/17,60,52
2/18/17,60,48
2/19/17,55,46
2/20/17,57,51
2/21/17,60,49
2/22/17,57,39
2/23/17,51,35
2/24/17,54,34
2/25/17,53,37
2/26/17,58,35
2/27/17,54,38
2/28/17,57,36
3/1/17,61,39
3/2/17,63,40
3/3/17,65,43
3/4/17,64,47
3/5/17,52,41
3/6/17,55,41
3/7/17,58,38
3/8/17,65,44
3/9/17,70,46
3/10/17,70,52
3/11/17,76,48
3/12/17,75,51
3/13/17,74,48
3/14/17,76,50
3/15/17,71,54
3/16/17,72,52
3/17/17,75,48
3/18/17,68,57
3/19/17,71,54
3/20/17,67,54
3/21/17,67,55
3/22/17,63,46
3/23/17,64,43
3/24/17,56,51
3/25/17,64,50
3/26/17,65,48
3/27/17,64,47
3/28/17,71,51
3/29/17,76,49
3/30/17,69,45
3/31/17,69,44
4/1/17,78,50
4/2/17,79,51
4/3/17,74,51
4/4/17,77,53
4/5/17,76,55
4/6/17,62,50
4/7/17,62,47
4/8/17,57,43
4/9/17,62,40
4/10/17,66,43
4/11/17,69,54
4/12/17,67,52
4/13/17,63,47
4/14/17,62,41
4/15/17,67,43
4/16/17,60,50
4/17/17,61,53
4/18/17,70,52
4/19/17,70,47
4/20/17,68,53
4/21/17,78,50
4/22/17,72,52
4/23/17,73,50
4/24/17,69,54
4/25/17,71,51
4/26/17,72,55
4/27/17,74,54
4/28/17,73,52
4/29/17,82,47
4/30/17,84,52
5/1/17,88,58
5/2/17,89,64
5/3/17,95,63
5/4/17,91,56
5/5/17,81,53
5/6/17,69,49
5/7/17,76,57
5/8/17,85,55
5/9/17,90,56
5/10/17,71,52
5/11/17,74,51
5/12/17,72,50
5/13/17,72,47
5/14/17,74,48
5/15/17,78,48
5/16/17,67,51
5/17/17,75,48
5/18/17,83,51
5/19/17,90,55
5/20/17,94,59
5/21/17,96,60
5/22/17,97,62
5/23/17,98,61
5/24/17,79,55
5/25/17,72,54
5/26/17,72,53
5/27/17,81,52
5/28/17,86,54
5/29/17,84,55
5/30/17,79,53
5/31/17,82,55
6/1/17,86,58
6/2/17,92,58
6/3/17,90,60
6/4/17,89,57
6/5/17,93,55
6/6/17,92,58
6/7/17,83,57
6/8/17,71,53
6/9/17,77,55
6/10/17,79,50
6/11/17,69,50
6/12/17,76,51
6/13/17,84,53
6/14/17,92,58
6/15/17,93,59
6/16/17,99,69
6/17/17,98,72
6/18/17,105,73
6/19/17,89,56
6/20/17,104,71
6/21/17,104,67
6/22/17,103,73
6/23/17,101,67
6/24/17,96,61
6/25/17,88,59
6/26/17,85,57
6/27/17,88,57
6/28/17,91,57
6/29/17,93,57
6/30/17,93,57
7/1/17,92,57
7/2/17,94,57
7/3/17,93,60
7/4/17,95,61
7/5/17,93,58
7/6/17,100,61
7/7/17,105,67
7/8/17,106,69
7/9/17,103,64
7/10/17,98,63
7/11/17,93,61
7/12/17,95,60
7/13/17,95,62
7/14/17,97,61
7/15/17,100,62
7/16/17,105,70
7/17/17,102,68
7/18/17,90,61
7/19/17,95,58
7/20/17,95,61
7/21/17,96,61
7/22/17,100,61
7/23/17,101,71
7/24/17,92,65
7/25/17,93,59
7/26/17,96,60
7/27/17,100,63
7/28/17,100,68
7/29/17,95,59
7/30/17,98,59
7/31/17,100,60
8/1/17,103,63
8/2/17,102,69
8/3/17,100,72
8/4/17,91,71
8/5/17,95,65
8/6/17,91,59
8/7/17,92,60
8/8/17,94,59
8/9/17,94,59
8/10/17,92,59
8/11/17,93,58
8/12/17,93,58
8/13/17,93,59
8/14/17,90,59
8/15/17,91,59
8/16/17,92,58
8/17/17,91,58
8/18/17,89,57
8/19/17,88,58
8/20/17,89,57
8/21/17,90,57
8/22/17,91,58
8/23/17,95,64
8/24/17,91,60
8/25/17,94,58
8/26/17,101,61
8/27/17,104,69
8/28/17,105,68
8/29/17,98,65
8/30/17,96,60
8/31/17,97,58
9/1/17,103,68
9/2/17,104,69
9/3/17,100,71
9/4/17,95,73
9/5/17,92,71
9/6/17,93,68
9/7/17,79,65
9/8/17,88,61
9/9/17,91,62
9/10/17,94,64
9/11/17,97,69
9/12/17,95,67
9/13/17,83,63
9/14/17,78,61
9/15/17,82,56
9/16/17,84,58
9/17/17,86,57
9/18/17,83,59
9/19/17,77,53
9/20/17,80,58
9/21/17,74,51
9/22/17,74,54
9/23/17,77,52
9/24/17,80,54
9/25/17,84,52
9/26/17,90,55
9/27/17,91,56
9/28/17,89,57
9/29/17,85,60
9/30/17,82,57
10/1/17,79,58
10/2/17,76,53
10/3/17,77,45
10/4/17,79,48
10/5/17,80,49
10/6/17,83,50
10/7/17,86,51
10/8/17,78,54
10/9/17,82,58
10/10/17,82,51
10/11/17,74,50
10/12/17,73,50
10/13/17,80,51
10/14/17,76,52
10/15/17,80,45
10/16/17,81,47
10/17/17,79,50
10/18/17,81,46
10/19/17,72,52
10/20/17,64,48
10/21/17,68,44
10/22/17,74,46
10/23/17,81,52
10/24/17,85,54
10/25/17,85,55
10/26/17,84,54
10/27/17,82,53
10/28/17,86,53
10/29/17,82,52
10/30/17,70,51
10/31/17,69,46
11/1/17,68,48
11/2/17,64,51
11/3/17,66,56
11/4/17,64,48
11/5/17,62,44
11/6/17,63,45
11/7/17,64,40
11/8/17,62,46
11/9/17,68,54
11/10/17,65,51
11/11/17,63,45
11/12/17,65,49
11/13/17,69,52
11/14/17,64,49
11/15/17,58,50
11/16/17,57,55
11/17/17,59,46
11/18/17,59,40
11/19/17,59,40
11/20/17,60,52
11/21/17,65,51
11/22/17,65,48
11/23/17,62,50
11/24/17,66,53
11/25/17,63,51
11/26/17,61,55
11/27/17,59,44
11/28/17,62,40
11/29/17,60,40
11/30/17,62,39
12/1/17,62,40
12/2/17,60,40
12/3/17,58,44
12/4/17,59,42
12/5/17,63,42
12/6/17,59,35
12/7/17,63,34
12/8/17,60,38
12/9/17,60,36
12/10/17,60,34
12/11/17,60,35
12/12/17,61,34
12/13/17,58,33
12/14/17,63,35
12/15/17,59,36
12/16/17,60,43
12/17/17,62,42
12/18/17,61,37
12/19/17,58,36
12/20/17,54,39
12/21/17,55,37
12/22/17,49,34
12/23/17,53,39
12/24/17,54,41
12/25/17,58,37
12/26/17,60,35
12/27/17,58,35
12/28/17,61,35
12/29/17,59,36
12/30/17,60,35
12/31/17,56,38
1/1/18,63,42
1/2/18,58,41
1/3/18,58,44
1/4/18,66,50
1/5/18,61,53
1/6/18,57,44
1/7/18,50,41
1/8/18,52,47
1/9/18,57,50
1/10/18,59,46
1/11/18,61,44
1/12/18,60,45
1/13/18,54,45
1/14/18,53,48
1/15/18,53,46
1/16/18,58,48
1/17/18,54,49
1/18/18,58,49
1/19/18,57,43
1/20/18,56,39
1/21/18,54,35
1/22/18,52,45
1/23/18,57,43
1/24/18,53,42
1/25/18,56,43
1/26/18,49,37
1/27/18,58,43
1/28/18,63,39
1/29/18,57,41
1/30/18,62,41
1/31/18,64,39
2/1/18,66,45
2/2/18,67,45
2/3/18,72,44
2/4/18,70,46
2/5/18,73,45
2/6/18,72,48
2/7/18,71,47
2/8/18,71,44
2/9/18,60,41
2/10/18,60,41
2/11/18,60,42
2/12/18,60,42
2/13/18,61,43
2/14/18,61,42
2/15/18,60,41
2/16/18,60,43
2/17/18,61,44
2/18/18,62,43
2/19/18,61,44
2/20/18,62,43
2/21/18,61,44
2/22/18,62,42
2/23/18,62,41
2/24/18,61,42
2/25/18,62,42
2/26/18,62,42
2/27/18,63,44
2/28/18,63,43
3/1/18,61,44
3/2/18,62,45
3/3/18,62,43
3/4/18,63,43
3/5/18,61,43
3/6/18,63,43
3/7/18,64,43
3/8/18,65,43
3/9/18,67,48
3/10/18,62,49
3/11/18,70,42
3/12/18,76,50
3/13/18,63,49
3/14/18,58,45
3/15/18,51,38
3/16/18,57,44
3/17/18,57,41
3/18/18,57,37
3/19/18,64,39
3/20/18,57,48
3/21/18,68,52
3/22/18,66,43
3/23/18,61,39
3/24/18,58,43
3/25/18,57,40
3/26/18,65,41
3/27/18,75,46
3/28/18,79,48
3/29/18,83,52
3/30/18,79,53
3/31/18,80,54
4/1/18,79,48
4/2/18,75,52
4/3/18,79,47
4/4/18,75,52
4/5/18,65,53
4/6/18,61,54
4/7/18,69,52
4/8/18,67,46
4/9/18,77,48
4/10/18,71,51
4/11/18,63,46
4/12/18,63,40
4/13/18,70,44
4/14/18,77,49
4/15/18,68,48
4/16/18,56,43
4/17/18,63,39
4/18/18,62,45
4/19/18,71,41
4/20/18,80,47
4/21/18,83,53
4/22/18,85,54
4/23/18,87,55
4/24/18,84,54
4/25/18,83,49
4/26/18,74,50
4/27/18,71,49
4/28/18,67,48
4/29/18,68,47
4/30/18,71,48
5/1/18,78,49
5/2/18,80,50
5/3/18,77,50
5/4/18,86,52
5/5/18,80,54
5/6/18,78,50
5/7/18,88,53
5/8/18,86,57
5/9/18,81,56
5/10/18,84,55
5/11/18,81,56
5/12/18,84,55
5/13/18,77,53
5/14/18,76,51
5/15/18,76,52
5/16/18,72,52
5/17/18,82,52
5/18/18,82,54
5/19/18,79,54
5/20/18,75,52
5/21/18,83,51
5/22/18,77,54
5/23/18,72,53
5/24/18,76,52
5/25/18,67,53
5/26/18,73,54
5/27/18,88,54
5/28/18,92,60
5/29/18,98,62
5/30/18,74,54
5/31/18,75,52
6/1/18,84,52
6/2/18,95,61
6/3/18,99,63
6/4/18,92,60
6/5/18,87,55
6/6/18,81,55
6/7/18,84,54
6/8/18,89,56
6/9/18,80,57
6/10/18,82,54
6/11/18,88,55
6/12/18,99,62
6/13/18,99,62
6/14/18,91,58
6/15/18,82,57
6/16/18,82,54
6/17/18,80,54
6/18/18,89,57
6/19/18,93,57
6/20/18,90,55
6/21/18,95,55
6/22/18,100,61
6/23/18,98,67
6/24/18,94,60
6/25/18,86,57
6/26/18,93,57
6/27/18,86,56
6/28/18,89,56
6/29/18,94,59
6/30/18,98,68
7/1/18,98,62
7/2/18,91,59
7/3/18,87,57
7/4/18,78,57
7/5/18,92,55
7/6/18,91,66
7/7/18,98,64
7/8/18,97,62
7/9/18,99,61
7/10/18,97,64
7/11/18,97,61
7/12/18,97,63
7/13/18,95,69
7/14/18,97,65
7/15/18,95,61
7/16/18,99,58
7/17/18,100,61
7/18/18,101,63
7/19/18,101,63
7/20/18,96,68
7/21/18,98,66
7/22/18,97,63
7/23/18,100,63
7/24/18,102,62
7/25/18,104,64
7/26/18,101,64
7/27/18,96,59
7/28/18,99,59
7/29/18,93,60
7/30/18,96,60
7/31/18,96,61
8/1/18,94,60
8/2/18,93,58
8/3/18,92,58
8/4/18,99,62
8/5/18,91,61
8/6/18,94,62
8/7/18,91,63
8/8/18,94,59
8/9/18,100,61
8/10/18,100,64
8/11/18,99,68
8/12/18,97,63
8/13/18,94,59
8/14/18,87,58
8/15/18,88,58
8/16/18,95,59
8/17/18,98,60
8/18/18,99,62
8/19/18,99,61
8/20/18,91,58
8/21/18,78,55
8/22/18,86,57
8/23/18,84,57
8/24/18,83,55
8/25/18,89,55
8/26/18,86,55
8/27/18,82,56
8/28/18,79,57
8/29/18,83,58
8/30/18,79,59
8/31/18,85,57
9/1/18,92,59
9/2/18,95,59
9/3/18,92,57
9/4/18,92,57
9/5/18,89,57
9/6/18,90,53
9/7/18,96,57
9/8/18,95,61
9/9/18,94,57
9/10/18,92,59
9/11/18,89,60
9/12/18,77,57
9/13/18,80,58
9/14/18,81,55
9/15/18,79,57
9/16/18,79,53
9/17/18,83,54
9/18/18,81,53
9/19/18,84,54
9/20/18,88,57
9/21/18,93,55
9/22/18,92,58
9/23/18,87,59
9/24/18,88,55
9/25/18,92,54
9/26/18,91,56
9/27/18,94,57
9/28/18,80,55
9/29/18,75,56
9/30/18,79,58
10/1/18,81,60
10/2/18,80,64
10/3/18,83,62
10/4/18,76,57
10/5/18,75,53
10/6/18,78,57
10/7/18,78,58
10/8/18,83,54
10/9/18,85,55
10/10/18,78,52
10/11/18,75,52
10/12/18,82,50
10/13/18,84,51
10/14/18,79,48
10/15/18,79,50
10/16/18,79,45
10/17/18,81,47
10/18/18,78,49
10/19/18,80,49
10/20/18,83,50
10/21/18,80,49
10/22/18,78,48
10/23/18,73,50
10/24/18,78,48
10/25/18,79,49
10/26/18,81,53
10/27/18,80,55
10/28/18,79,55
10/29/18,71,52
10/30/18,74,55
10/31/18,74,47
11/1/18,81,49
11/2/18,77,51
11/3/18,82,53
11/4/18,80,52
11/5/18,76,53
11/6/18,72,44
11/7/18,70,43
11/8/18,72,48
11/9/18,63,37
11/10/18,61,36
11/11/18,69,37
11/12/18,67,36
11/13/18,61,39
11/14/18,61,36
11/15/18,59,37
11/16/18,63,35
11/17/18,64,35
11/18/18,63,35
11/19/18,64,36
11/20/18,66,37
11/21/18,56,44
11/22/18,63,52
11/23/18,57,52
11/24/18,62,52
11/25/18,62,44
11/26/18,62,44
11/27/18,57,49
11/28/18,64,55
11/29/18,56,46
11/30/18,60,43
12/1/18,60,42
12/2/18,53,38
12/3/18,52,36
12/4/18,50,45
12/5/18,54,46
12/6/18,58,42
12/7/18,57,38
12/8/18,57,39
12/9/18,51,41
12/10/18,58,45
12/11/18,58,37
12/12/18,59,42
12/13/18,57,39
12/14/18,61,42
12/15/18,59,46
12/16/18,57,46
12/17/18,60,48
12/18/18,64,43
12/19/18,62,49
12/20/18,53,47
12/21/18,55,46
12/22/18,54,37
12/23/18,54,44
12/24/18,55,47
12/25/18,59,42
12/26/18,56,37
12/27/18,53,37
12/28/18,55,36
12/29/18,57,35
12/30/18,57,35
12/31/18,54,40
1/1/19,54,37
1/2/19,54,32
1/3/19,51,33
1/4/19,55,34
1/5/19,52,37
1/6/19,50,44
1/7/19,58,47
1/8/19,58,45
1/9/19,64,51
1/10/19,52,45
1/11/19,56,46
1/12/19,64,42
1/13/19,59,41
1/14/19,55,40
1/15/19,54,45
1/16/19,59,52
1/17/19,60,51
1/18/19,57,50
1/19/19,68,52
1/20/19,63,48
1/21/19,56,39
1/22/19,58,42
1/23/19,55,39
1/24/19,59,37
1/25/19,61,39
1/26/19,59,40
1/27/19,64,41
1/28/19,64,47
1/29/19,63,49
1/30/19,63,47
1/31/19,66,48
2/1/19,60,51
2/2/19,61,51
2/3/19,57,48
2/4/19,51,40
2/5/19,47,34
2/6/19,54,33
2/7/19,58,41
2/8/19,51,40
2/9/19,50,41
2/10/19,52,38
2/11/19,56,36
2/12/19,48,38
2/13/19,60,45
2/14/19,63,46
2/15/19,53,42
2/16/19,55,39
2/17/19,49,39
2/18/19,53,36
2/19/19,54,36
2/20/19,55,41
2/21/19,54,37
2/22/19,53,35
2/23/19,56,35
2/24/19,59,45
2/25/19,54,48
2/26/19,55,50
2/27/19,63,49
2/28/19,59,48
3/1/19,58,46
3/2/19,53,47
3/3/19,62,49
3/4/19,61,50
3/5/19,57,50
3/6/19,64,51
3/7/19,58,45
3/8/19,59,43
3/9/19,55,43
3/10/19,57,45
3/11/19,64,41
3/12/19,66,41
3/13/19,60,43
3/14/19,65,44
3/15/19,65,44
3/16/19,64,45
3/17/19,66,44
3/18/19,68,45
3/19/19,68,45
3/20/19,67,45
3/21/19,68,46
3/22/19,57,47
3/23/19,65,47
3/24/19,63,43
3/25/19,65,47
3/26/19,67,51
3/27/19,64,50
3/28/19,64,47
3/29/19,62,44
3/30/19,69,46
3/31/19,73,47
4/1/19,69,54
4/2/19,66,53
4/3/19,64,53
4/4/19,64,54
4/5/19,62,52
4/6/19,70,53
4/7/19,74,55
4/8/19,75,57
4/9/19,67,51
4/10/19,70,48
4/11/19,67,54
4/12/19,73,48
4/13/19,77,49
4/14/19,75,52
4/15/19,59,49
4/16/19,66,51
4/17/19,77,47
4/18/19,81,53
4/19/19,84,57
4/20/19,72,54
4/21/19,77,50
4/22/19,85,53
4/23/19,92,57
4/24/19,90,61
4/25/19,89,60
4/26/19,89,54
4/27/19,80,54
4/28/19,80,51
4/29/19,76,51
4/30/19,71,53
5/1/19,80,48
5/2/19,82,52
5/3/19,84,55
5/4/19,83,50
5/5/19,75,48
5/6/19,71,51
5/7/19,77,51
5/8/19,82,53
5/9/19,78,53
5/10/19,87,51
5/11/19,83,53
5/12/19,83,52
5/13/19,84,54
5/14/19,73,53
5/15/19,69,55
5/16/19,61,51
5/17/19,70,50
5/18/19,59,50
5/19/19,62,47
5/20/19,70,46
5/21/19,68,52
5/22/19,74,49
5/23/19,79,58
5/24/19,77,55
5/25/19,73,54
5/26/19,63,51
5/27/19,73,52
5/28/19,84,53
5/29/19,88,58
5/30/19,82,55
5/31/19,87,57
6/1/19,91,60
6/2/19,85,56
6/3/19,90,57
6/4/19,97,61
6/5/19,98,64
6/6/19,85,58
6/7/19,77,51
6/8/19,84,61
6/9/19,92,60
6/10/19,99,64
6/11/19,102,67
6/12/19,101,67
6/13/19,89,60
6/14/19,88,56
6/15/19,80,54
6/16/19,88,54
6/17/19,96,57
6/18/19,101,63
6/19/19,97,60
6/20/19,88,57
6/21/19,86,57
6/22/19,90,60
6/23/19,96,65
6/24/19,95,63
6/25/19,92,61
6/26/19,81,58
6/27/19,82,54
6/28/19,89,58
6/29/19,88,57
6/30/19,90,61
7/1/19,89,57
7/2/19,89,61
7/3/19,90,60
7/4/19,93,59
7/5/19,96,61
7/6/19,95,60
7/7/19,92,58
7/8/19,83,56
7/9/19,93,59
7/10/19,91,62
7/11/19,94,62
7/12/19,97,62
7/13/19,97,62
7/14/19,93,62
7/15/19,96,65
7/16/19,93,64
7/17/19,91,59
7/18/19,91,63
7/19/19,90,59
7/20/19,88,59
7/21/19,91,59
7/22/19,97,65
7/23/19,99,65
7/24/19,99,64
7/25/19,93,58
7/26/19,96,64
7/27/19,100,62
7/28/19,105,69
7/29/19,91,62
7/30/19,89,58
7/31/19,94,57
8/1/19,90,60
8/2/19,94,62
8/3/19,98,64
8/4/19,93,59
8/5/19,94,61
8/6/19,97,65
8/7/19,93,60
8/8/19,94,59
8/9/19,88,61
8/10/19,86,63
8/11/19,93,58
8/12/19,95,64
8/13/19,99,64
8/14/19,101,65
8/15/19,104,68
8/16/19,101,70
8/17/19,91,58
8/18/19,86,59
8/19/19,86,58
8/20/19,89,59
8/21/19,95,61
8/22/19,95,68
8/23/19,98,67
8/24/19,97,64
8/25/19,99,68
8/26/19,99,65
8/27/19,99,68
8/28/19,90,64
8/29/19,89,64
8/30/19,90,62
8/31/19,96,63
9/1/19,98,66
9/2/19,98,66
9/3/19,92,61
9/4/19,94,62
9/5/19,91,63
9/6/19,91,60
9/7/19,78,59
9/8/19,83,59
9/9/19,86,60
9/10/19,81,58
9/11/19,85,57
9/12/19,92,59
9/13/19,95,60
9/14/19,98,63
9/15/19,87,60
9/16/19,77,60
9/17/19,81,53
9/18/19,80,60
9/19/19,76,54
9/20/19,82,55
9/21/19,84,57
9/22/19,88,58
9/23/19,87,55
9/24/19,94,62
9/25/19,96,64
9/26/19,92,65
9/27/19,75,57
9/28/19,72,50
9/29/19,71,47
9/30/19,67,48
10/1/19,71,45
10/2/19,77,45
10/3/19,79,51
10/4/19,74,47
10/5/19,78,48
10/6/19,83,50
10/7/19,87,55
10/8/19,86,53
10/9/19,73,53
10/10/19,75,52
10/11/19,76,47
10/12/19,78,46
10/13/19,77,47
10/14/19,79,44
10/15/19,80,48
10/16/19,77,50
10/17/19,71,54
10/18/19,76,48
10/19/19,74,52
10/20/19,75,51
10/21/19,84,52
10/22/19,81,51
10/23/19,86,55
10/24/19,86,58
10/25/19,85,50
10/26/19,81,49
10/27/19,70,51
10/28/19,68,41
10/29/19,67,39
10/30/19,68,42
10/31/19,69,39
11/1/19,70,39
11/2/19,73,40
11/3/19,75,42
11/4/19,77,44
11/5/19,78,44
11/6/19,75,47
11/7/19,78,45
11/8/19,77,45
11/9/19,76,43
11/10/19,74,48
11/11/19,76,47
11/12/19,72,48
11/13/19,72,48
11/14/19,70,53
11/15/19,66,50
11/16/19,68,47
11/17/19,72,46
11/18/19,72,47
11/19/19,67,50
11/20/19,69,50
11/21/19,65,45
11/22/19,66,42
11/23/19,64,42
11/24/19,65,40
11/25/19,62,39
11/26/19,50,39
11/27/19,54,43
11/28/19,48,38
11/29/19,54,32
11/30/19,52,40
12/1/19,56,46
12/2/19,54,46
12/3/19,58,49
12/4/19,54,50
12/5/19,62,51
12/6/19,68,48
12/7/19,67,55
12/8/19,62,50
12/9/19,59,44
12/10/19,55,45
12/11/19,56,50
12/12/19,64,53
12/13/19,57,54
12/14/19,57,46
12/15/19,54,37
12/16/19,53,37
12/17/19,51,39
12/18/19,53,42
12/19/19,56,44
12/20/19,61,44
12/21/19,55,44
12/22/19,53,40
12/23/19,53,38
12/24/19,52,38
12/25/19,54,43
12/26/19,52,37
12/27/19,53,37
12/28/19,52,38
12/29/19,54,38
12/30/19,53,39
12/31/19,53,39
1/1/20,53,38
1/2/20,61,40
1/3/20,60,41
1/4/20,57,43
1/5/20,57,39
1/6/20,57,38
1/7/20,50,37
1/8/20,48,41
1/9/20,52,42
1/10/20,56,34
1/11/20,58,43
1/12/20,53,37
1/13/20,58,42
1/14/20,57,40
1/15/20,52,37
1/16/20,55,40
1/17/20,46,39
1/18/20,52,38
1/19/20,48,40
1/20/20,51,41
1/21/20,57,43
1/22/20,59,47
1/23/20,56,43
1/24/20,61,47
1/25/20,62,48
1/26/20,67,48
1/27/20,66,46
1/28/20,61,47
1/29/20,64,44
1/30/20,62,48
1/31/20,67,46
2/1/20,64,43
2/2/20,58,41
2/3/20,53,35
2/4/20,54,34
2/5/20,60,35
2/6/20,62,39
2/7/20,64,39
2/8/20,63,41
2/9/20,61,44
2/10/20,71,41
2/11/20,72,43
2/12/20,65,42
2/13/20,65,42
2/14/20,62,41
2/15/20,63,42
2/16/20,65,48
2/17/20,69,45
2/18/20,64,45
2/19/20,65,40
2/20/20,67,42
2/21/20,72,42
2/22/20,71,45
2/23/20,62,47
2/24/20,73,42
2/25/20,74,47
2/26/20,74,46
2/27/20,75,46
2/28/20,75,48
2/29/20,69,47
3/1/20,61,48
3/2/20,71,46
3/3/20,77,45
3/4/20,78,46
3/5/20,72,50
3/6/20,62,49
3/7/20,58,48
3/8/20,59,46
3/9/20,66,48
3/10/20,77,44
3/11/20,73,51
3/12/20,81,48
3/13/20,68,47
3/14/20,53,47
3/15/20,55,43
3/16/20,47,40
3/17/20,56,38
3/18/20,52,44
3/19/20,60,35
3/20/20,63,42
3/21/20,67,42
3/22/20,69,43
3/23/20,62,49
3/24/20,59,45
3/25/20,60,41
3/26/20,59,39
3/27/20,64,40
3/28/20,57,48
3/29/20,66,49
3/30/20,67,49
3/31/20,74,51
4/1/20,65,45
4/2/20,67,44
4/3/20,67,41
4/4/20,57,46
4/5/20,56,46
4/6/20,56,41
4/7/20,66,45
4/8/20,63,48
4/9/20,65,51
4/10/20,73,48
4/11/20,69,49
4/12/20,74,51
4/13/20,76,49
4/14/20,79,49
4/15/20,81,50
4/16/20,83,53
4/17/20,71,51
4/18/20,70,51
4/19/20,69,51
4/20/20,70,51
4/21/20,79,49
4/22/20,73,47
4/23/20,84,57
4/24/20,90,58
4/25/20,90,61
4/26/20,86,56
4/27/20,86,55
4/28/20,93,62
4/29/20,82,59
4/30/20,85,56
5/1/20,84,53
5/2/20,77,54
5/3/20,79,51
5/4/20,83,50
5/5/20,86,54
5/6/20,83,52
5/7/20,79,49
5/8/20,95,58
5/9/20,93,58
5/10/20,79,53
5/11/20,76,53
5/12/20,80,50
5/13/20,81,51
5/14/20,72,54
5/15/20,79,52
5/16/20,81,59
5/17/20,79,52
5/18/20,71,55
5/19/20,75,50
5/20/20,77,54
5/21/20,85,54
5/22/20,76,53
5/23/20,84,55
5/24/20,91,56
5/25/20,100,62
5/26/20,81,53
5/27/20,82,54
5/28/20,82,53
5/29/20,82,52
5/30/20,84,53
5/31/20,84,55
6/1/20,84,54
6/2/20,84,54
6/3/20,85,54
6/4/20,84,55
6/5/20,84,54
6/6/20,83,55
6/7/20,84,54
6/8/20,85,55
6/9/20,87,55
6/10/20,85,56
6/11/20,85,56
6/12/20,86,55
6/13/20,88,55
6/14/20,89,57
6/15/20,88,57
6/16/20,88,56
6/17/20,89,56
6/18/20,89,56
6/19/20,89,56
6/20/20,89,56
6/21/20,90,57
6/22/20,91,57
6/23/20,91,57
6/24/20,90,58
6/25/20,91,57
6/26/20,91,57
6/27/20,90,58
6/28/20,89,58
6/29/20,88,57
6/30/20,89,57
7/1/20,91,58
7/2/20,91,58
7/3/20,92,58
7/4/20,92,58
7/5/20,92,58
7/6/20,92,58
7/7/20,92,58
7/8/20,94,57
7/9/20,93,59
7/10/20,93,59
7/11/20,92,59
7/12/20,93,60
7/13/20,95,60
7/14/20,95,60
7/15/20,93,60
7/16/20,91,59
7/17/20,91,59
7/18/20,93,59
7/19/20,93,59
7/20/20,91,59
7/21/20,91,59
7/22/20,92,59
7/23/20,92,59
7/24/20,91,60
7/25/20,96,58
7/26/20,99,60
7/27/20,99,62
7/28/20,99,59
7/29/20,92,58
7/30/20,92,58
7/31/20,92,59
8/1/20,93,58
8/2/20,93,60
8/3/20,93,58
8/4/20,94,61
8/5/20,91,58
8/6/20,89,58
8/7/20,92,60
8/8/20,98,63
8/9/20,100,66
8/10/20,99,65
8/11/20,89,61
8/12/20,98,58
8/13/20,93,59
8/14/20,103,72
8/15/20,91,59
8/16/20,92,58
8/17/20,91,58
8/18/20,89,57
8/19/20,98,75
8/20/20,88,64
8/21/20,94,64
8/22/20,98,67
8/23/20,99,67
8/24/20,94,72
8/25/20,90,57
8/26/20,91,57
8/27/20,92,57
8/28/20,94,61
8/29/20,93,61
8/30/20,92,59
8/31/20,96,61
9/1/20,91,61
9/2/20,88,60
9/3/20,92,59
9/4/20,94,60
9/5/20,92,58
9/6/20,90,58
9/7/20,90,57
9/8/20,88,56
9/9/20,83,64
9/10/20,82,59
9/11/20,83,58
9/12/20,88,56
9/13/20,89,60
9/14/20,86,56
9/15/20,86,55
9/16/20,92,61
9/17/20,91,62
9/18/20,85,62
9/19/20,84,59